director_id,name
4762,James Cameron
4763,Gore Verbinski
4764,Sam Mendes
4765,Christopher Nolan
4766,Andrew Stanton
4767,Sam Raimi
4768,Byron Howard
4769,Joss Whedon
4770,David Yates
4771,Zack Snyder
4772,Bryan Singer
4773,Marc Forster
4774,Andrew Adamson
4775,Rob Marshall
4776,Barry Sonnenfeld
4777,Peter Jackson
4778,Marc Webb
4779,Ridley Scott
4780,Chris Weitz
4781,Anthony Russo
4782,Peter Berg
4783,Colin Trevorrow
4784,Shane Black
4785,Tim Burton
4786,Brett Ratner
4787,Dan Scanlon
4788,Michael Bay
4789,Joseph Kosinski
4790,John Lasseter
4791,Martin Campbell
4792,Lee Unkrich
4793,McG
4794,James Wan
4795,J.J. Abrams
4796,Baz Luhrmann
4797,Mike Newell
4798,Guillermo del Toro
4799,Steven Spielberg
4800,Peter Sohn
4801,Brenda Chapman
4802,Justin Lin
4803,Roland Emmerich
4804,Robert Zemeckis
4805,Lilly Wachowski
4806,Pete Docter
4807,Conrad Vernon
4808,Jon Favreau
4809,Martin Scorsese
4810,Rob Cohen
4811,David Ayer
4812,Tom Shadyac
4813,Doug Liman
4814,Kevin Reynolds
4815,Stephen Sommers
4816,Rupert Sanders
4817,Robert Stromberg
4818,Matt Reeves
4819,Roland Joffé
4820,Carl Rinsch
4821,Mike Mitchell
4822,Brad Bird
4823,Chris Williams
4824,Rich Moore
4825,Chris Sanders
4826,Jonathan Mostow
4827,James Gunn
4828,Hideaki Anno
4829,David Fincher
4830,Matthew Vaughn
4831,Francis Lawrence
4832,Jon Turteltaub
4833,Wolfgang Petersen
4834,James Bobin
4835,Chris Miller
4836,Duncan Jones
4837,Alan Taylor
4838,Michael Apted
4839,Oliver Stone
4840,Jan Pinkava
4841,Eric Darnell
4842,Shawn Levy
4843,Gavin Hood
4844,Chris Buck
4845,George Miller
4846,Ron Howard
4847,Kenneth Branagh
4848,Hoyt Yeatman
4849,Jonathan Liebesman
4850,Christopher McQuarrie
4851,Joe Johnston
4852,Steve Hickner
4853,Jennifer Yuh Nelson
4854,M. Night Shyamalan
4855,Simon Wells
4856,David Bowers
4857,Joe Wright
4858,Rob Minkoff
4859,Lee Tamahori
4860,Paul Feig
4861,Peter Ramsey
4862,Dean Parisot
4863,Edward Zwick
4864,Dean DeBlois
4865,Alex Proyas
4866,Richard Donner
4867,Ang Lee
4868,Jon M. Chu
4869,Breck Eisner
4870,Hironobu Sakaguchi
4871,Peter Weir
4872,Bill Condon
4873,Louis Leterrier
4874,Alejandro González Iñárritu
4875,David Soren
4876,Paul Greengrass
4877,Mark Osborne
4878,Peyton Reed
4879,Tim Johnson
4880,Phillip Noyce
4881,Darren Aronofsky
4882,Alfonso Cuarón
4883,Ralph Zondag
4884,Tom McGrath
4885,Chris Columbus
4886,Robert Schwentke
4887,Carlos Saldanha
4888,Guy Ritchie
4889,Paul Verhoeven
4890,John McTiernan
4891,Tony Gilroy
4892,Joel Schumacher
4893,John Woo
4894,Tim Story
4895,Mark Steven Johnson
4896,Neill Blomkamp
4897,David Twohy
4898,José Padilha
4899,James L. Brooks
4900,James Mangold
4901,George Lucas
4902,Thomas Langmann
4903,Cedric Nicolas-Troyan
4904,Roger Donaldson
4905,Dave Green
4906,Josh Trank
4907,Brad Peyton
4908,Roger Spottiswoode
4909,Steven Soderbergh
4910,Rob Letterman
4911,Michel Gondry
4912,Noam Murro
4913,Raja Gosnell
4914,Will Finn
4915,Jan de Bont
4916,Len Wiseman
4917,Frank Coraci
4918,Michael Mann
4919,Bo Welch
4920,Ron Clements
4921,Peter Chelsom
4922,Dominic Sena
4923,Tony Scott
4924,Paul Weitz
4925,Adam McKay
4926,Chuck Russell
4927,Quentin Tarantino
4928,Gary Trousdale
4929,Mark Dindal
4930,Simon West
4931,Stefen Fangmeier
4932,Spike Jonze
4933,Chris Wedge
4934,Florian Henckel von Donnersmarck
4935,Peter Hyams
4936,Tom Tykwer
4937,Pitof
4938,Brad Silberling
4939,Patrick Hughes
4940,Ericson Core
4941,Lawrence Guterman
4942,Ron Underwood
4943,Steve Martino
4944,David Mamet
4945,Zhang Yimou
4946,Ash Brannon
4947,Frank Oz
4948,Jay Roach
4949,Luc Besson
4950,Michael Patrick King
4951,Don Michael Paul
4952,Sergei Bodrov
4953,Wally Pfister
4954,Rupert Wyatt
4955,Mark Waters
4956,John Moore
4957,John Lee Hancock
4958,Renny Harlin
4959,Phil Lord
4960,Ben Stiller
4961,Tony Bancroft
4962,Timur Bekmambetov
4963,Walt Becker
4964,Dennis Dugan
4965,Sydney Pollack
4966,Thor Freudenthal
4967,Brian De Palma
4968,Mick Jackson
4969,Alan J. Pakula
4970,Kathryn Bigelow
4971,John Milius
4972,Andrei Konchalovsky
4973,Gary Ross
4974,Paul W.S. Anderson
4975,Genndy Tartakovsky
4976,Kevin Lima
4977,Daniel Espinosa
4978,Nancy Meyers
4979,Jill Culton
4980,Neil Burger
4981,Jean-Jacques Annaud
4982,Barry Cook
4983,Martin Brest
4984,Andrew Davis
4985,Bob Fosse
4986,Tarsem Singh
4987,Edgar Wright
4988,Jon Amiel
4989,Peter Segal
4990,Pete Travis
4991,George A. Romero
4992,Sylvester Stallone
4993,Todd Phillips
4994,Karey Kirkpatrick
4995,Gary Winick
4996,Mimi Leder
4997,Seth Gordon
4998,Adam Shankman
4999,D.J. Caruso
5000,Anthony Minghella
5001,Albert Hughes
5002,Les Mayfield
5003,Joe Pytka
5004,Scott Derrickson
5005,Ivan Reitman
5006,Eric Brevig
5007,Kelly Asbury
5008,Stephen Hopkins
5009,Jonathan Demme
5010,Henry Jaglom
5011,James Algar
5012,Vincent Ward
5013,Steven Brill
5014,Terry Gilliam
5015,Lucile Hadzihalilovic
5016,Roger Christian
5017,Joe Dante
5018,Kevin Costner
5019,Antony Hoffman
5020,Jacques Perrin
5021,Andrés Couturier
5022,Roger Allers
5023,Cody Cameron
5024,John Singleton
5025,Oliver Hirschbiegel
5026,Des McAnuff
5027,Chris Renaud
5028,Stephen Norrington
5029,Pierre Coffin
5030,David Kellogg
5031,Mike Nichols
5032,Vicky Jenson
5033,F. Gary Gray
5034,Antoine Fuqua
5035,Robert Luketic
5036,Gil Kenan
5037,Barry Levinson
5038,Jerry Zucker
5039,Andy Tennant
5040,Florent-Emilio Siri
5041,Gary Goldman
5042,Ron Shelton
5043,Àlex Pastor
5044,Henry Selick
5045,Kyle Balda
5046,Fergal Reilly
5047,Judd Apatow
5048,Steve Carr
5049,Mel Gibson
5050,David Silverman
5051,Frank Darabont
5052,Betty Thomas
5053,Garry Marshall
5054,Paul Tibbitt
5055,Clark Johnson
5056,Cameron Crowe
5057,Randall Wallace
5058,Jonathan Frakes
5059,George Clooney
5060,Gary Shore
5061,Andrzej Bartkowiak
5062,Måns Mårlind
5063,Gregory Hoblit
5064,Gary McKendry
5065,Wych Kaosayananda
5066,Mikael Salomon
5067,Bobby Farrelly
5068,Dan St. Pierre
5069,Kerry Conran
5070,Michael Caton-Jones
5071,Mikael Håfström
5072,Phil Alden Robinson
5073,David Slade
5074,Joseph Ruben
5075,Seth MacFarlane
5076,Alejandro Amenábar
5077,Kinka Usher
5078,Craig Gillespie
5079,Rob Bowman
5080,Doug Lefler
5081,Scott Waugh
5082,Lawrence Kasdan
5083,Michael Lembeck
5084,Tom Hooper
5085,Nora Ephron
5086,Angelina Jolie
5087,Clint Eastwood
5088,Larry Charles
5089,Stanley Kubrick
5090,Will Gluck
5091,Glenn Ficarra
5092,David S. Goyer
5093,Taylor Hackford
5094,Michael Lehmann
5095,Stuart Beattie
5096,Roman Polanski
5097,Robert Rodriguez
5098,Baltasar Kormákur
5099,Daniel Lee
5100,Keenen Ivory Wayans
5101,Rob Reiner
5102,Marco Schnabel
5103,Demian Lichtenstein
5104,Josh Gordon
5105,Tim Hill
5106,David Frankel
5107,Marc Lawrence
5108,Peter Billingsley
5109,Wes Ball
5110,Ryan Murphy
5111,Robert Redford
5112,Jay Russell
5113,Kenny Ortega
5114,David McNally
5115,Brian Robbins
5116,Brian Levant
5117,Steven Zaillian
5118,Sam Fell
5119,Jon Avnet
5120,Robert Stevenhagen
5121,Kevin Donovan
5122,Geoff Murphy
5123,David O. Russell
5124,Babak Najafi
5125,Jean-Pierre Jeunet
5126,Anthony Stacchi
5127,Griffin Dunne
5128,John Pasquin
5129,Ruben Fleischer
5130,Harold Ramis
5131,Kevin Macdonald
5132,Donald Petrie
5133,Jorge Blanco
5134,Stuart Baird
5135,Joel Coen
5136,Robert Lorenz
5137,Harold Becker
5138,Scott Stewart
5139,Tony Bill
5140,Rod Lurie
5141,Walter Hill
5142,Akiva Goldsman
5143,Harald Zwart
5144,Walter Salles
5145,Iain Softley
5146,Frank Miller
5147,David Koepp
5148,Uwe Boll
5149,Soi Cheang
5150,John Dahl
5151,Tim Miller
5152,Stephen Herek
5153,Peter MacDonald
5154,Anthony Hemingway
5155,Sean Anders
5156,Brian Taylor
5157,John Madden
5158,Kevin Bray
5159,Mike Gabriel
5160,Sam Weisman
5161,Jesse Dylan
5162,Wayne Wang
5163,Gabriele Muccino
5164,Tom Dey
5165,Jimmy Hayward
5166,Alan Parker
5167,John Frankenheimer
5168,Paul King
5169,Akiva Schaffer
5170,William Friedkin
5171,Kent Alterman
5172,Peter Lord
5173,Shekhar Kapur
5174,Karyn Kusama
5175,Ronald F. Maxwell
5176,Robert Butler
5177,Steve Antin
5178,Jim Gillespie
5179,Francis Ford Coppola
5180,Richard Lester
5181,Scott Cooper
5182,Curtis Hanson
5183,Phyllida Lloyd
5184,Jay Chandrasekhar
5185,Terrence Malick
5186,David Dobkin
5187,Miloš Forman
5188,Pierre Morel
5189,Paul Hunter
5190,Steve Oedekerk
5191,John Whitesell
5192,George Nolfi
5193,Neil Jordan
5194,Rawson Marshall Thurber
5195,Spike Lee
5196,Brian Helgeland
5197,Frank Marshall
5198,Hideo Nakata
5199,Peter Hewitt
5200,Joe Roth
5201,Bennett Miller
5202,Jaume Collet-Serra
5203,Andy Fickman
5204,James McTeigue
5205,Matthew O'Callaghan
5206,Angela Robinson
5207,Gary Fleder
5208,Tommy Wirkola
5209,Adrian Lyne
5210,Stephen Gaghan
5211,Jorge R. Gutierrez
5212,Richard Loncraine
5213,Christophe Gans
5214,Howard Deutch
5215,Jon Hurwitz
5216,Steven Quale
5217,John Landis
5218,Alexander Witt
5219,Beeban Kidron
5220,Carl Franklin
5221,Steven Seagal
5222,Danny Boyle
5223,Andrew Bergman
5224,Barbet Schroeder
5225,Peter Webber
5226,Andrew Niccol
5227,John Carpenter
5228,Wes Anderson
5229,David Cronenberg
5230,John Stockwell
5231,David Gordon Green
5232,Jim Sheridan
5233,Costa-Gavras
5234,Patrick Read Johnson
5235,Richard LaGravenese
5236,Danny DeVito
5237,George Armitage
5238,Patrick Lussier
5239,James Wong
5240,Richard Curtis
5241,Chuck Bowman
5242,Olivier Megaton
5243,Deepa Mehta
5244,Warren Beatty
5245,Penny Marshall
5246,Ted Kotcheff
5247,Andrei Tarkovsky
5248,Yvette Kaplan
5249,Stephen Frears
5250,P.J. Hogan
5251,Brad Furman
5252,Terence Young
5253,David Zucker
5254,Denis Villeneuve
5255,Thomas Carter
5256,Roger Michell
5257,Luis Llosa
5258,Melville Shavelson
5259,Garth Jennings
5260,Joel Zwick
5261,Russell Mulcahy
5262,David R. Ellis
5263,Peter Howitt
5264,John A. Davis
5265,David Lynch
5266,Julie Taymor
5267,Mathieu Kassovitz
5268,John Gray
5269,John Schultz
5270,Sean Penn
5271,Susan Stroman
5272,Simon Wincer
5273,Billy Bob Thornton
5274,Danny Pang
5275,George P. Cosmatos
5276,Oliver Parker
5277,Lawrence Kasanoff
5278,Ben Affleck
5279,Brian Gibson
5280,Ben Sharpsteen
5281,Michael Cimino
5282,Paul McGuigan
5283,Gus Van Sant
5284,Roger Kumble
5285,Burr Steers
5286,Nick Park
5287,John Hamburg
5288,Reginald Hudlin
5289,Joseph L. Mankiewicz
5290,Barbra Streisand
5291,Mark Pellington
5292,John Glen
5293,Catherine Hardwicke
5294,John Herzfeld
5295,Annabel Jankel
5296,Julie Anne Robinson
5297,Seth Rogen
5298,Sngmoo Lee
5299,Jamel Debbouze
5300,Gordon Chan
5301,Asger Leth
5302,John G. Avildsen
5303,Anne Fletcher
5304,Bruce Beresford
5305,Sam Taylor-Johnson
5306,Ken Kwapis
5307,Wes Craven
5308,Etan Cohen
5309,Nick Cassavetes
5310,Nicholas Stoller
5311,Mark A.Z. Dippé
5312,Callan Brunker
5313,Nimród Antal
5314,Alejandro Agresti
5315,Peter Hedges
5316,Paul Weiland
5317,Colin Strause
5318,Joan Chen
5319,Greg Mottola
5320,Jake Kasdan
5321,Diane Keaton
5322,Kelly Makin
5323,Stephen Daldry
5324,Christian Duguay
5325,Justin Chadwick
5326,Pat O'Connor
5327,Frederik Du Chau
5328,Irwin Winkler
5329,Joseph Kahn
5330,Sofia Coppola
5331,Stephen T. Kay
5332,Juan Antonio Bayona
5333,Elaine May
5334,Dennie Gordon
5335,Charles Shyer
5336,Ulu Grosbard
5337,William Malone
5338,Malcolm D. Lee
5339,Jerry Jameson
5340,Mic Rodgers
5341,Christian Alvart
5342,Jean-Marie Poiré
5343,Marc F. Adler
5344,Geoffrey Sax
5345,Richard Shepard
5346,Peter Chan
5347,Sergei Bodrov Jr.
5348,Bong Joon-ho
5349,Bibo Bergeron
5350,Jeff Nathanson
5351,S.S. Rajamouli
5352,Charles S. Dutton
5353,Jonathan Lynn
5354,David Carson
5355,Wong Kar-wai
5356,Yuefeng Song
5357,Norman Jewison
5358,David Mirkin
5359,Luis Mandoki
5360,Lee Daniels
5361,Jeb Stuart
5362,Steve Miner
5363,Paul Thomas Anderson
5364,David Leland
5365,J Blakeson
5366,Ryan Coogler
5367,Kirk Jones
5368,Jennifer Flackett
5369,Kevin Smith
5370,Christian Ditter
5371,Charles Martin Smith
5372,Fyodor Bondarchuk
5373,Irvin Kershner
5374,Steve Pink
5375,Scott Hicks
5376,Kirk De Micco
5377,Chris Rock
5378,Wilson Yip
5379,Robert Wise
5380,Kevin Rodney Sullivan
5381,Kevin Munroe
5382,Mike Tollin
5383,Patrick Tatopoulos
5384,Gary David Goldberg
5385,Tobe Hooper
5386,Alan Poul
5387,Luke Greenfield
5388,Gil Junger
5389,Michael Ritchie
5390,Steven E. de Souza
5391,Alexandre Aja
5392,Michael Rymer
5393,Hugh Wilson
5394,Mike Hodges
5395,Scott Mann
5396,Susanna White
5397,Chris Carter
5398,Tommy O'Haver
5399,Peter Landesman
5400,Gary Chapman
5401,Craig Mazin
5402,Allen Hughes
5403,Kimble Rendall
5404,Peter Yates
5405,Lasse Hallström
5406,Jean-Marc Vallée
5407,Tsui Hark
5408,Lexi Alexander
5409,Ronny Yu
5410,Bille August
5411,Moustapha Akkad
5412,Jean-Paul Rappeneau
5413,Joachim Rønning
5414,Tony Kaye
5415,Ken Scott
5416,Hugh Johnson
5417,Hayao Miyazaki
5418,"George Tillman, Jr."
5419,Rand Ravich
5420,Hugh Hudson
5421,Ben Stassen
5422,Chris Gorak
5423,Scott Speer
5424,Joe Charbanic
5425,Jonathan Hensleigh
5426,Danny Cannon
5427,Boaz Yakin
5428,Richard Marquand
5429,Neil Marshall
5430,David Wain
5431,Jared Hess
5432,Rupert Wainwright
5433,John Luessenhop
5434,Justin Zackham
5435,John Gatins
5436,Miguel Sapochnik
5437,Shim Hyung-Rae
5438,Don Scardino
5439,Tim Robbins
5440,Tom Reeve
5441,Nanette Burstein
5442,Ariel Vromen
5443,Lewis Gilbert
5444,John Francis Daley
5445,J.B. Rogers
5446,Michael Sucsy
5447,Tom Vaughan
5448,Stephen Hillenburg
5449,Stig Bergqvist
5450,Jason Reitman
5451,Alexander Payne
5452,Jonathan Levine
5453,Rian Johnson
5454,Chris Noonan
5455,Michael McCullers
5456,Forest Whitaker
5457,Woody Allen
5458,Peter Lepeniotis
5459,Ted Demme
5460,William Shatner
5461,James Gartner
5462,Lee Toland Krieger
5463,Tim McCanlies
5464,Drew Goddard
5465,Jason Friedberg
5466,Paul Michael Glaser
5467,John R. Leonetti
5468,Tom Hanks
5469,Kimberly Peirce
5470,Liz Friedlander
5471,Phil Joanou
5472,Shane Acker
5473,Martha Coolidge
5474,Stephen Anderson
5475,Troy Miller
5476,Tate Taylor
5477,Brett Leonard
5478,Alister Grierson
5479,Nick Hurran
5480,Charles Stone III
5481,Paul Haggis
5482,Kurt Wimmer
5483,Jean-François Richet
5484,Kevin Hooks
5485,Ellory Elkayem
5486,Niki Caro
5487,Vincenzo Natali
5488,Willard Huyck
5489,Gavin O'Connor
5490,Bruce Hunt
5491,Christopher Roberts
5492,Kim Jee-woon
5493,Nick Hamm
5494,Andy Cadiff
5495,Mike Disa
5496,Richard J. Lewis
5497,Sergio Leone
5498,Niels Arden Oplev
5499,Michael Radford
5500,Steve Boyum
5501,Chen Kaige
5502,Corey Yuen Kwai
5503,Andrew Dominik
5504,Jackie Chan
5505,Laurent Tirard
5506,Reinhard Klooss
5507,Frédéric Auburtin
5508,Olivier Dahan
5509,Maksim Fadeev
5510,Liliana Cavani
5511,Elizabeth Banks
5512,Edward Norton
5513,Ben Falcone
5514,Richard Attenborough
5515,Don Mancini
5516,John Maybury
5517,Norton Virgien
5518,Shinji Aramaki
5519,Miguel Arteta
5520,James Gray
5521,Janusz Kamiński
5522,Robert B. Weide
5523,Jeff Wadlow
5524,Agustín Díaz Yanes
5525,Camille Delamarre
5526,David Lean
5527,Richard Eyre
5528,Nicholas Meyer
5529,Callie Khouri
5530,Sanaa Hamri
5531,Todd Graff
5532,Philip Kaufman
5533,Saul Dibb
5534,Walter Murch
5535,Richard Linklater
5536,E. Elias Merhige
5537,Menno Meyjes
5538,Jodie Foster
5539,Scott Frank
5540,Kevin Allen
5541,Michael Cristofer
5542,Andrew Morahan
5543,Bob Rafelson
5544,Michael Cohn
5545,Alan Shapiro
5546,Fernando Meirelles
5547,Michael Hoffman
5548,Oleg Stepchenko
5549,Michael Winterbottom
5550,Michael Pressman
5551,Sharon Maguire
5552,Charles Herman-Wurmfeld
5553,Gábor Csupó
5554,Tyler Perry
5555,Joe Carnahan
5556,John Polson
5557,Bernardo Bertolucci
5558,Cathy Malkasian
5559,Chris Nahon
5560,Fred Wolf
5561,Bille Woodruff
5562,Victor Salva
5563,Mark Helfrich
5564,Steve Bendelack
5565,Dwight H. Little
5566,Guillaume Canet
5567,Kirsten Sheridan
5568,Richard Fleischer
5569,Bob Spiers
5570,Damien Dante Wayans
5571,John Wells
5572,Tim Fywell
5573,Nigel Cole
5574,Dexter Fletcher
5575,Jeremy Leven
5576,Sylvain White
5577,Troy Nixey
5578,Philip G. Atwell
5579,Jeff Schaffer
5580,James Bridges
5581,Steve Barron
5582,Bill Paxton
5583,Richard Kelly
5584,Carter Smith
5585,John Schlesinger
5586,Ringo Lam
5587,Bruce McCulloch
5588,Patricia Riggen
5589,Pascal Chaumeil
5590,Jonathan Kaplan
5591,Ole Bornedal
5592,Richard Benjamin
5593,Craig R. Baxley
5594,John Hillcoat
5595,John Guillermin
5596,Marcos Siega
5597,Rachel Talalay
5598,Jeffrey W. Byrd
5599,Atom Egoyan
5600,Robert Towne
5601,Giuseppe Tornatore
5602,Werner Herzog
5603,Jérôme Deschamps
5604,Inna Evlannikova
5605,Jonathan English
5606,Sergey Bondarchuk
5607,Teddy Chan
5608,Mario Van Peebles
5609,Leonard Nimoy
5610,Herbert Ross
5611,Bonnie Hunt
5612,Neil LaBute
5613,Grant Heslov
5614,George Gallo
5615,Sidney Lumet
5616,Douglas McGrath
5617,Kevin Spacey
5618,Richard Williams
5619,Mary McGuckian
5620,Tony Goldwyn
5621,Jonathan Newman
5622,Michael Dinner
5623,Joseph Sargent
5624,Jerry Zaks
5625,Fred Durst
5626,Anne Fontaine
5627,Jon Cassar
5628,Mira Nair
5629,Mel Brooks
5630,Russell Crowe
5631,Jessie Nelson
5632,Christopher Spencer
5633,Mike Bigelow
5634,Daniel Sackheim
5635,Deborah Kaplan
5636,Uli Edel
5637,Fred Dekker
5638,Brian Trenchard-Smith
5639,Blake Edwards
5640,Laurence Dunmore
5641,Christian Carion
5642,Dax Shepard
5643,Rowan Joffe
5644,John Curran
5645,Juan José Campanella
5646,Trey Parker
5647,Stuart Gillard
5648,Katt Shea
5649,Joshua Michael Stern
5650,Tomas Alfredson
5651,John Duigan
5652,Colin Higgins
5653,Jim Sonzero
5654,Penelope Spheeris
5655,Jeff Tremaine
5656,Jeannot Szwarc
5657,Steve McQueen
5658,Thea Sharrock
5659,Jon Lucas
5660,Robin Budd
5661,Ava DuVernay
5662,Steve Trenbirth
5663,Mennan Yapo
5664,Jun Falkenstein
5665,Tom McCarthy
5666,Takashi Shimizu
5667,Gary Nelson
5668,Anton Corbijn
5669,Gregory Nava
5670,John Patrick Shanley
5671,Joshua Logan
5672,Steve Beck
5673,Todd Strauss-Schulson
5674,John McNaughton
5675,Nelson McCormick
5676,Eric Valette
5677,Andrew Fleming
5678,Michael Spierig
5679,Jim Field Smith
5680,Thomas Bezucha
5681,William Brent Bell
5682,Ben Gluck
5683,Jessica Bendinger
5684,Henry Joost
5685,Ed Harris
5686,Alfred Hitchcock
5687,Shana Feste
5688,Steve Rash
5689,Mike Binder
5690,Michael J. Bassett
5691,Frank Nissen
5692,Stephen Chow
5693,Peter Hastings
5694,Paul Abascal
5695,Chris Koch
5696,Amy Heckerling
5697,Michael Moore
5698,George Stevens
5699,Billy Ray
5700,Mark Mylod
5701,Stephen St. Leger
5702,Michael O. Sajbel
5703,Charles T. Kanganis
5704,Damon Santostefano
5705,Bob Clark
5706,Frank Passingham
5707,Benson Lee
5708,Glen Morgan
5709,Mike Leigh
5710,Alejandro Monteverde
5711,Jonathan Glazer
5712,J.C. Chandor
5713,Paul Gross
5714,Marc Abraham
5715,Todd Haynes
5716,Mabrouk El Mechri
5717,Charlie Kaufman
5718,Nancy Walker
5719,Angelo Pizzo
5720,Matthew Diamond
5721,Katsuhiro Ōtomo
5722,David Anspaugh
5723,Andrew Jarecki
5724,Daniel Algrant
5725,Mike Barker
5726,Wayne Thornley
5727,Gnana Rajasekaran
5728,Tom Walsh
5729,Jonathan Jakubowicz
5730,Scott Walker
5731,Mark Rosman
5732,Rob Hawk
5733,Britt Allcroft
5734,Alan Yuen
5735,Brian Percival
5736,Anand Tucker
5737,Anthony Mann
5738,Michael Dowse
5739,Daniel Barnz
5740,Emile Ardolino
5741,Robert Altman
5742,James Schamus
5743,Andrew Douglas
5744,Ricky Gervais
5745,Vic Armstrong
5746,Terry Zwigoff
5747,Audrey Wells
5748,Rick Friedberg
5749,Sean McNamara
5750,Jody Hill
5751,Brandon Camp
5752,Kevin Tancharoen
5753,Nicholas Hytner
5754,Bart Freundlich
5755,William A. Fraker
5756,John Boorman
5757,Courtney Solomon
5758,Jeff Kanew
5759,István Szabó
5760,Matthew Robbins
5761,Hal Needham
5762,Jeff Nichols
5763,Jonathan Teplitzky
5764,Michael Haneke
5765,Zack Ward
5766,Mike Marvin
5767,Gregor Jordan
5768,Olivier Assayas
5769,Tran Anh Hung
5770,Lance Hool
5771,Christian Volckman
5772,Rodrigo Cortés
5773,David Hayter
5774,Cory Edwards
5775,Terry George
5776,Xavier Gens
5777,Kasi Lemmons
5778,Brian A Miller
5779,Matt Dillon
5780,George Cukor
5781,John Robert Hoffman
5782,Kevin Greutert
5783,John Fortenberry
5784,Erik White
5785,Christian Robinson
5786,Jason Moore
5787,Robert Harmon
5788,Trent Cooper
5789,Gary Halvorson
5790,Nicholas Ray
5791,Fede Alvarez
5792,Sidney J. Furie
5793,Ian Iqbal Rashid
5794,Wayne Kramer
5795,Rowdy Herrington
5796,Jim Goddard
5797,Noel Marshall
5798,Andrea Di Stefano
5799,Guillaume Ivernel
5800,Jack Smight
5801,Todd Lincoln
5802,Howard Zieff
5803,Steven Shainberg
5804,Julian Jarrold
5805,Joe Nussbaum
5806,Vadim Perelman
5807,Michel Hazanavicius
5808,Cyrus Nowrasteh
5809,Perry Andelin Blake
5810,Christian E. Christiansen
5811,Sheldon Lettich
5812,Diane English
5813,Peter Flinth
5814,Robert Iscove
5815,Peter Kosminsky
5816,Nick Gomez
5817,Allen Coulter
5818,Clare Kilner
5819,Josef Rusnak
5820,Lance Rivera
5821,Ronald Neame
5822,Bruce Paltrow
5823,Adam Rifkin
5824,Susanne Bier
5825,Kenneth Johnson
5826,James Ivory
5827,Jessy Terrero
5828,Dany Boon
5829,Vicente Amorim
5830,Gaspar Noé
5831,Jérôme Salle
5832,Tommy Lee Jones
5833,Jesse Vaughan
5834,William Bindley
5835,Wayne Beach
5836,Gérard Krawczyk
5837,Udayan Prasad
5838,Yoon Je-kyoon
5839,Morten Tyldum
5840,Andy Muschietti
5841,Gillian Armstrong
5842,James Watkins
5843,Jim Fall
5844,Ric Roman Waugh
5845,Michael Dougherty
5846,Joel Gallen
5847,James Marsh
5848,Matt Williams
5849,Rob Zombie
5850,Dennis Iliadis
5851,Rick Rosenthal
5852,Denzel Washington
5853,Nicolas Winding Refn
5854,Sara Sugarman
5855,Juan Carlos Fresnadillo
5856,Gina Prince-Bythewood
5857,Phil Traill
5858,Joe Berlinger
5859,Elizabeth Allen Rosenbaum
5860,Michael Mayer
5861,Martin Weisz
5862,John Ottman
5863,John Bonito
5864,Peter Atencio
5865,David Nutter
5866,Derek Cianfrance
5867,Stephan Elliott
5868,Mark L. Lester
5869,Tom Green
5870,Mike Nawrocki
5871,Douglas Aarniokoski
5872,Bryan Barber
5873,Lone Scherfig
5874,Drew Barrymore
5875,Brian Koppelman
5876,James Foley
5877,Albert Brooks
5878,Steve Gomer
5879,RZA
5880,Mark Piznarski
5881,Craig Brewer
5882,David Raynr
5883,Mort Nathan
5884,Dan Curtis
5885,Wil Shriner
5886,Martin McDonagh
5887,Tina Gordon Chism
5888,Peter Cattaneo
5889,Mary Lambert
5890,Peter Kassovitz
5891,Rodman Flender
5892,Katja von Garnier
5893,Mark Romanek
5894,Brad Anderson
5895,Michael Chapman
5896,Antonio Banderas
5897,Khalil Sullins
5898,Fritz Lang
5899,Hou Hsiao-hsien
5900,Andrey Zvyagintsev
5901,Tony Jaa
5902,Ryûhei Kitamura
5903,Darrell James Roodt
5904,Dito Montiel
5905,Stefan Ruzowitzky
5906,Jake Paltrow
5907,Juraj Jakubisko
5908,Anthony Silverston
5909,Gabe Ibáñez
5910,Gerry Lively
5911,Daniele Luchetti
5912,Derek Yee Tung-Sing
5913,Julien Temple
5914,Gregory Jacobs
5915,Gilles Paquet-Brenner
5916,Peter Cousens
5917,Lars von Trier
5918,John Cornell
5919,Vidhu Vinod Chopra
5920,Jamie Blanks
5921,Randal Kleiser
5922,Phil Vischer
5923,Rick Famuyiwa
5924,Alan Cohn
5925,Franco Zeffirelli
5926,Tom Holland
5927,James Isaac
5928,Emilio Estevez
5929,Josh Schwartz
5930,Julian Schnabel
5931,Todd Field
5932,Davis Guggenheim
5933,Stephen Carpenter
5934,James Fargo
5935,Alain Resnais
5936,Kenneth Lonergan
5937,Bo Zenga
5938,Danny Leiner
5939,Christopher Cain
5940,Theodore Melfi
5941,Ed Decter
5942,Gene Quintano
5943,Eric Bress
5944,Preston A. Whitmore II
5945,Kirk Wong
5946,Bronwen Hughes
5947,John Lafia
5948,Sam Miller
5949,Alex Garland
5950,Mark Brown
5951,Michael Polish
5952,Daisy von Scherler Mayer
5953,Lenny Abrahamson
5954,Bob Saget
5955,John Waters
5956,Craig Bolotin
5957,Mark Christopher
5958,Blair Hayes
5959,Jez Butterworth
5960,Isabel Coixet
5961,Patrice Leconte
5962,Paul Mazursky
5963,Stephen Chbosky
5964,Jon Hess
5965,Mark Neveldine
5966,Joe Cornish
5967,John H. Lee
5968,John Stainton
5969,Benedek Fliegauf
5970,Paul Schrader
5971,Stewart Hendler
5972,John Cromwell
5973,Mark Herman
5974,Abel Ferrara
5975,George Hickenlooper
5976,Don Bluth
5977,Kang Je-gyu
5978,William Dear
5979,Stéphane Aubier
5980,John Badham
5981,Mike McCoy
5982,Mike Judge
5983,Tamra Davis
5984,Nima Nourizadeh
5985,Franklin J. Schaffner
5986,John Erick Dowdle
5987,David Moreau
5988,Christopher Erskin
5989,Brian Henson
5990,Dan Cutforth
5991,Josh Boone
5992,Jake Schreier
5993,Cheryl Dunye
5994,Ernest R. Dickerson
5995,Lionel C. Martin
5996,Wallace Wolodarsky
5997,Nicholas Jarecki
5998,Dean Israelite
5999,Darnell Martin
6000,Scott Alexander
6001,Stuart Gordon
6002,Christopher Guest
6003,Jane Campion
6004,Fred Schepisi
6005,Antonia Bird
6006,Jon Poll
6007,Paolo Sorrentino
6008,Peter Care
6009,Park Chan-wook
6010,Ira Sachs
6011,Carroll Ballard
6012,Takeshi Kitano
6013,Marco Kreuzpaintner
6014,Lajos Koltai
6015,Alan Rudolph
6016,Lu Chuan
6017,Lijun Sun
6018,Takashi Yamazaki
6019,Christopher Smith
6020,Timothy Hines
6021,David Winters
6022,Akira Kurosawa
6023,Jamie Thraves
6024,Mabel Cheung
6025,Dan Mazer
6026,R.J. Cutler
6027,David S. Ward
6028,Barnaby Thompson
6029,Rob Pritts
6030,John Crowley
6031,Brendan Malloy
6032,Dustin Hoffman
6033,Gregory Poirier
6034,Simon Curtis
6035,Dewey Nicks
6036,Philip Saville
6037,Tim Blake Nelson
6038,William A. Graham
6039,Martin Ritt
6040,John Turturro
6041,Agnieszka Holland
6042,David Hackl
6043,Giuliano Montaldo
6044,Lisa Azuelos
6045,Ray Lawrence
6046,Karan Johar
6047,Ruairi Robinson
6048,Jaume Balagueró
6049,Jon Kasdan
6050,Léa Pool
6051,Floyd Mutrux
6052,Sajid Khan
6053,Dean Wright
6054,Eric Lartigau
6055,Shintaro Shimosawa
6056,Darren Lynn Bousman
6057,James DeMonaco
6058,Bernhard Wicki
6059,Carol Reed
6060,Chuck Sheetz
6061,Marcus Raboy
6062,Leigh Whannell
6063,Michael Schultz
6064,Peter Sollett
6065,Bob Dolman
6066,Greg Coolidge
6067,David Lowery
6068,Ciaran Foy
6069,Salim Akil
6070,Olatunde Osunsanmi
6071,Leon Ichaso
6072,Joseph Zito
6073,Patricia Rozema
6074,Rob Schmidt
6075,Ben Garant
6076,Morgan Spurlock
6077,Neal Brennan
6078,Tuck Tucker
6079,Theodore Witcher
6080,Joel Edgerton
6081,Jim Hanon
6082,Michael Patrick Jann
6083,Jorma Taccone
6084,Jeff Lowell
6085,Lorene Scafaria
6086,Marcus Dunstan
6087,Timothy Bjorklund
6088,François Girard
6089,Scott Kalvert
6090,Jason Bateman
6091,David Schwimmer
6092,Allan Arkush
6093,Eric Bross
6094,Dan Fogelman
6095,Jay Duplass
6096,Luca Guadagnino
6097,John Putch
6098,Peter Medak
6099,Terence Davies
6100,Harley Cokeliss
6101,Tom Brady
6102,Jason Zada
6103,Noah Baumbach
6104,Eric Blakeney
6105,Rakesh Roshan
6106,Derrick Borte
6107,Richard Kwietniowski
6108,Bob Odenkirk
6109,Joshua Seftel
6110,Vincent Gallo
6111,Claude Chabrol
6112,Jon Stewart
6113,Bigas Luna
6114,Ralph Fiennes
6115,Dan Harris
6116,Mel Smith
6117,Bobcat Goldthwait
6118,Jake Scott
6119,Alan Metter
6120,Rafa Lara
6121,Alan Smithee
6122,Michael Meredith
6123,Julio DePietro
6124,Katherine Dieckmann
6125,Kim Farrant
6126,Scott Marshall Smith
6127,Álex de la Iglesia
6128,Andrew Traucki
6129,Michael Clancy
6130,Robert Adetuyi
6131,Kari Skogland
6132,Taedong Park
6133,Benedikt Erlingsson
6134,Gurinder Chadha
6135,Jason Connery
6136,Vic Sarin
6137,Jim Issa
6138,William Phillips
6139,Andy García
6140,Sarik Andreasyan
6141,Julian Gilbey
6142,Gary Sherman
6143,Valeri Milev
6144,Stanley Kramer
6145,Pedro Almodóvar
6146,Gerald Potterton
6147,Anurag Basu
6148,Kriv Stenders
6149,Yash Chopra
6150,Floria Sigismondi
6151,Ferzan Ozpetek
6152,Kris Isacsson
6153,Ben Younger
6154,Daniel Taplitz
6155,Tamara Jenkins
6156,Linda Mendoza
6157,Hart Bochner
6158,Stewart Raffill
6159,Na Hong-jin
6160,Chatrichalerm Yukol
6161,Eric Lavaine
6162,Marc Forby
6163,Ole Christian Madsen
6164,Meiert Avis
6165,André Téchiné
6166,Emily Young
6167,Peter Faiman
6168,Martyn Pick
6169,Roland Suso Richter
6170,Jeremy Sims
6171,Maïwenn
6172,Joby Harold
6173,Ekachai Uekrongtham
6174,Mark Rydell
6175,David E. Talbert
6176,Roger Vadim
6177,Nils Gaup
6178,Ari Sandel
6179,Vondie Curtis-Hall
6180,Tom Elkins
6181,Kang Woo-Suk
6182,John Sayles
6183,Vipul Amrutlal Shah
6184,Ken Loach
6185,Ayan Mukherjee
6186,Mervyn LeRoy
6187,Serdar Akar
6188,James Frawley
6189,Dan Gilroy
6190,Jonathan Dayton
6191,Chris Stokes
6192,Don Siegel
6193,Martin Lawrence
6194,Masayuki Ochiai
6195,Tom Gormican
6196,Ken Shapiro
6197,Justin Tipping
6198,Peter R. Hunt
6199,Doug Atchison
6200,Jonas Elmer
6201,Mary Harron
6202,Erik Canuel
6203,Troy Duffy
6204,Nicole Holofcener
6205,Matty Rich
6206,Fina Torres
6207,François Ozon
6208,Ryan Fleck
6209,Steve James
6210,Michael Winner
6211,Tomm Moore
6212,John Carney
6213,David Jacobson
6214,Michael Corrente
6215,Edward Hall
6216,Keith Gordon
6217,Andrew Currie
6218,Luke Wilson
6219,Marc Schölermann
6220,Coky Giedroyc
6221,Robert Moresco
6222,Thomas Vinterberg
6223,Claudia Llosa
6224,Charles Binamé
6225,Keith Parmer
6226,Ol Parker
6227,James Nunn
6228,David Webb Peoples
6229,Michael Winnick
6230,Stanley Tong
6231,David Oelhoffen
6232,Eli Roth
6233,Tony Richardson
6234,Charles Robert Carner
6235,Russell Holt
6236,Claude Miller
6237,Sacha Bennett
6238,Rodrigo García
6239,Jeta Amata
6240,Siddharth Anand
6241,Vincent Paronnaud
6242,Dennis Gansel
6243,Daniel Barber
6244,Robert Marcarelli
6245,Ernie Barbarash
6246,Guy Hamilton
6247,Adam Brooks
6248,Michael Anderson
6249,James D. Stern
6250,Matt Bettinelli-Olpin
6251,Sharron Miller
6252,Aaron Schneider
6253,Tom Ford
6254,Tony Maylam
6255,Mitch Davis
6256,Kevin Brodie
6257,Lynne Ramsay
6258,John Stephenson
6259,Tim Chambers
6260,Dick Richards
6261,Bob Gosse
6262,Alex Zamm
6263,Spencer Susser
6264,Thaddeus O'Sullivan
6265,Shari Springer Berman
6266,Aleksey German
6267,Stephen Milburn Anderson
6268,Richard E. Grant
6269,David Lam
6270,Vladlen Barbe
6271,Richard Rich
6272,Robert C. Cooper
6273,Kim Nguyen
6274,Jackie Earle Haley
6275,Max Färberböck
6276,Arie Posin
6277,Damian Nieman
6278,Mark Tonderai
6279,Ian Fitzgibbon
6280,Rachel Perkins
6281,Luis Valdez
6282,Alan Alda
6283,Louis Morneau
6284,Caroline Link
6285,Sterling Van Wagenen
6286,Zal Batmanglij
6287,Hans Petter Moland
6288,Oren Moverman
6289,Ian Sharp
6290,Wolfgang Becker
6291,Dan O'Bannon
6292,George Roy Hill
6293,Robert Stevenson
6294,Gary Hardwick
6295,King Vidor
6296,Fred Savage
6297,Sammo Hung
6298,Rusty Cundieff
6299,Dominique Othenin-Girard
6300,Jean-Jacques Mantello
6301,Risa Bramon Garcia
6302,Brian Klugman
6303,Matt Piedmont
6304,Raymond De Felitta
6305,John Michael McDonagh
6306,Deb Hagan
6307,Zach Cregger
6308,Zach Braff
6309,Mark Tarlov
6310,John Cameron Mitchell
6311,Jon Knautz
6312,David Atkins
6313,Patrick Stettner
6314,Sam Peckinpah
6315,Michael Crichton
6316,Sylvio Tabet
6317,Rick Bieber
6318,Joey Lauren Adams
6319,Fred Zinnemann
6320,S.R. Bindler
6321,Greg Marcks
6322,Perry Lang
6323,Jake Goldberger
6324,William Kaufman
6325,Jim O'Hanlon
6326,Cédric Klapisch
6327,Kate Barker-Froyland
6328,Martin Koolhoven
6329,Charles Matthau
6330,Christopher Bessette
6331,Prachya Pinkaew
6332,Gary Sinyor
6333,Ashish R. Mohan
6334,Darren Grant
6335,Joseph Gordon-Levitt
6336,William Sachs
6337,Christophe Barratier
6338,Émile Gaudreault
6339,James Cox
6340,James Toback
6341,Aki Kaurismäki
6342,Hitoshi Matsumoto
6343,Rakeysh Omprakash Mehra
6344,Collin Schiffli
6345,George Ratliff
6346,Shane Meadows
6347,Jon Wright
6348,Michael McGowan
6349,Liv Ullmann
6350,Rohan Sippy
6351,Dan Trachtenberg
6352,David F. Sandberg
6353,Stiles White
6354,Eugenio Derbez
6355,Henry Koster
6356,Patty Jenkins
6357,Christopher B. Landon
6358,David Gelb
6359,Mike Flanagan
6360,Nat Faxon
6361,Doug McHenry
6362,George T. Miller
6363,Maurice Joyce
6364,Robert Duvall
6365,Frank Perry
6366,Jesse Peretz
6367,Ice Cube
6368,Richard Glatzer
6369,Michael Curtiz
6370,Bruce Malmuth
6371,Rob Hedden
6372,Harmony Korine
6373,Joe Chappelle
6374,Mickey Liddell
6375,Fred Walton
6376,Steve Carver
6377,Gonzalo López-Gallego
6378,Christine Jeffs
6379,Don Coscarelli
6380,Michael Tiddes
6381,Bill Duke
6382,Frank Borzage
6383,Mamoru Hosoda
6384,Brian Dannelly
6385,Denys Arcand
6386,J.S. Cardone
6387,Jay Levey
6388,Nicholaus Goossen
6389,Scott Marshall
6390,Ronan Chapalain
6391,Xavier Beauvois
6392,Randall Miller
6393,Jerry Belson
6394,Dan Rush
6395,Michael Cuesta
6396,Fenton Bailey
6397,Jeremy Saulnier
6398,Billy Kent
6399,James Manera
6400,Feroz Abbas Khan
6401,Errol Morris
6402,Dennis Hopper
6403,Eli Craig
6404,Nicholas Fackler
6405,Richard Wallace
6406,Morgan J. Freeman
6407,Matthew Hastings
6408,Klaus Menzel
6409,Oren Peli
6410,Paul Andrew Williams
6411,William H. Macy
6412,Barrett Esposito
6413,Vicky Jewson
6414,Marcia Bennett
6415,Stanton Barrett
6416,Jiří Menzel
6417,Fatih Akin
6418,Nick Murphy
6419,Frank LaLoggia
6420,Jeremy Brock
6421,Scott Foley
6422,Christophe Ali
6423,Gabriela Tagliavini
6424,Shona Auerbach
6425,Leonard Farlinger
6426,Michel Leclerc
6427,Analeine Cal y Mayor
6428,Tom Kalin
6429,Robert Sarkies
6430,John Huston
6431,Walter Lang
6432,Carlos Saura
6433,Jon Erwin
6434,Beto Gómez
6435,Mike van Diem
6436,Jonas Åkerlund
6437,Todd Solondz
6438,René Féret
6439,Barry Skolnick
6440,Johnnie To
6441,Mateo Gil
6442,Lukas Moodysson
6443,Agnieszka Wojtowicz-Vosloo
6444,Kabir Sadanand
6445,Peter DeLuise
6446,Raja Menon
6447,Kevin Sullivan
6448,Nick Love
6449,Ivan Engler
6450,Cecil B. DeMille
6451,Henry Hobson
6452,Mike Figgis
6453,Duane Journey
6454,Billy Wilder
6455,Lisa Cholodenko
6456,John Sturges
6457,William Arntz
6458,Ed Gass-Donnelly
6459,DJ Pooh
6460,James Melkonian
6461,Roger Avary
6462,Allison Anders
6463,Rick de Oliveira
6464,Jeff Franklin
6465,Mike Mills
6466,Dave McKean
6467,Ron Fricke
6468,Ruggero Deodato
6469,Gavin Wiesen
6470,Mora Stephens
6471,Mars Callahan
6472,Leos Carax
6473,Stefan Schwartz
6474,Robert Lee King
6475,Jorge Ramírez Suárez
6476,Dan Ireland
6477,Fernando León de Aranoa
6478,Jim Mickle
6479,Karim Aïnouz
6480,Sam Levinson
6481,Aleksandr Veledinskiy
6482,Peter H. Hunt
6483,Ruba Nadda
6484,James Whale
6485,Edward Burns
6486,Sean Byrne
6487,Mark Griffiths
6488,Bruce MacDonald
6489,Victor Fleming
6490,Richard Raymond
6491,George Sidney
6492,Chris Morris
6493,Andrucha Waddington
6494,Peter Stebbings
6495,Vincente Minnelli
6496,Dagur Kári
6497,Kevin Carraway
6498,Michael Gornick
6499,Richard Brooks
6500,Robert Eggers
6501,Michael Martin
6502,Gideon Raff
6503,Louis C.K.
6504,Anthony C. Ferrante
6505,Salvador Carrasco
6506,André Øvredal
6507,Robert Cary
6508,Adam Rapp
6509,Warren P. Sonoda
6510,Amanda Gusack
6511,Avi Nesher
6512,Charles Adelman
6513,Jay Oliva
6514,Charles Ferguson
6515,Mark Young
6516,"Daniel Petrie, Jr."
6517,Antonio Simoncini
6518,Luc Jacquet
6519,Eldar Rapaport
6520,Clark Gregg
6521,Damien Chazelle
6522,Justin Kerrigan
6523,Nathan Frankowski
6524,Karen Moncrieff
6525,Jonathan Silverman
6526,Eric Styles
6527,Laurent Cantet
6528,John Ford
6529,Max Mayer
6530,Joshua Marston
6531,John Gulager
6532,Brandon Cronenberg
6533,Frank Capra
6534,Tod Williams
6535,Jack Sholder
6536,Ted Post
6537,Michael Haigney
6538,Tom McLoughlin
6539,Adam Marcus
6540,John Maclean
6541,Benny Boom
6542,Howard Hawks
6543,Nnegest Likké
6544,Christopher Leitch
6545,Patricia Cardoso
6546,Damien O'Donnell
6547,Peter M. Cohen
6548,Mel Stuart
6549,Anthony Hickox
6550,Tom Schulman
6551,Jill Sprecher
6552,Darren Stein
6553,David Nixon
6554,Jason Eisener
6555,Enrique Begné
6556,Matthew Bright
6557,Michael Landon Jr.
6558,Andrea Arnold
6559,Whit Stillman
6560,Leslye Headland
6561,Bobby Roth
6562,Tim Heidecker
6563,Michael Worth
6564,Deon Taylor
6565,Jason Alexander
6566,Conor McPherson
6567,Will Canon
6568,Philip Zlotorynski
6569,Lance Kawas
6570,Francesca Gregorini
6571,Márcio Garcia
6572,Craig Moss
6573,Michael Jai White
6574,Paolo Monico
6575,Youssef Delara
6576,Darin Scott
6577,Christian Sesma
6578,Monte Hellman
6579,Brian Caunter
6580,Chris D'Arienzo
6581,Isaac Florentine
6582,Heidi Ewing
6583,Leon Ford
6584,Hank Braxtan
6585,John Carl Buechler
6586,Rajkumar Hirani
6587,Victor Nunez
6588,Rohit Jugraj
6589,Kresten Vestbjerg Andersen
6590,Alex van Warmerdam
6591,Paweł Pawlikowski
6592,Frank Sebastiano
6593,Stacy Peralta
6594,Nacho Vigalondo
6595,Ning Hao
6596,Tony Giglio
6597,Stanley Donen
6598,Joe Cross
6599,John Sullivan
6600,Tommy Lee Wallace
6601,Don Taylor
6602,Leslie Small
6603,Éric Tessier
6604,Alison Maclean
6605,Alice Wu
6606,Sarah Gavron
6607,James Ponsoldt
6608,Joshua Tickell
6609,Tim Boxell
6610,Michael D. Sellers
6611,Reed Cowan
6612,James Dodson
6613,Alex Rivera
6614,John Murlowski
6615,Benni Diez
6616,Danny Perez
6617,Robby Henson
6618,Zackary Adler
6619,Dominic Burns
6620,Carmen Marron
6621,Jason Stone
6622,Jerry Rees
6623,David Hand
6624,Jaco Booyens
6625,Danny Steinmann
6626,Jon Gunn
6627,Hayley Cloake
6628,Tay Garnett
6629,Shyam Madiraju
6630,Harmage Singh Kalirai
6631,Rita Merson
6632,William Wyler
6633,Larry Clark
6634,Petter Næss
6635,Robert Fontaine
6636,Neil Mcenery-West
6637,Anthony O'Brien
6638,Lloyd Kaufman
6639,David Robert Mitchell
6640,Robert Mulligan
6641,Liu Chia-Liang
6642,Chris Kentis
6643,Alex Kendrick
6644,Robert Rossen
6645,Jack Conway
6646,Sylvain Chomet
6647,Chris Eyre
6648,Elia Kazan
6649,Debra Granik
6650,Henry King
6651,Miranda July
6652,Max Joseph
6653,Jim Jarmusch
6654,Kevin Tenney
6655,Ari Folman
6656,Marielle Heller
6657,David Sington
6658,Kelly Reichardt
6659,Bob Giraldi
6660,Huck Botko
6661,David Duchovny
6662,Mitchell Lichtenstein
6663,Lance Mungia
6664,Hue Rhodes
6665,Danny Provenzano
6666,Bill Muir
6667,Noah Buschel
6668,Brian Yuzna
6669,Hunter Richards
6670,Laurie Collyer
6671,Aaron Hann
6672,Phil Claydon
6673,Ralph Ziman
6674,John Simpson
6675,Colin Minihan
6676,Conor McMahon
6677,Chris Shadley
6678,Simon Napier-Bell
6679,Simon Yin
6680,Jeff Crook
6681,Orson Welles
6682,Dave Payne
6683,Brad Copeland
6684,Paul Bunnell
6685,Phil Morrison
6686,Harald Reinl
6687,Tanner Beard
6688,Scott Dow
6689,Derick Martini
6690,Jerry Dugan
6691,Tim Hunter
6692,Richard Ayoade
6693,Jehane Noujaim
6694,Jean-Marc Barr
6695,Remo D'Souza
6696,John Laing
6697,Jamal Hill
6698,Daniel Stamm
6699,Carlos Carrera
6700,Benh Zeitlin
6701,J. Lee Thompson
6702,Maggie Greenwald
6703,Vera Farmiga
6704,Vijay Chandar
6705,Jonathan Wacks
6706,Khyentse Norbu
6707,Tony Krantz
6708,Mitchell Altieri
6709,W.D. Hogan
6710,Corey Grant
6711,Lucky McKee
6712,Richard Boddington
6713,Steven R. Monroe
6714,Mark Illsley
6715,Ritesh Batra
6716,Sally Potter
6717,Brad J. Silverman
6718,Dave Meyers
6719,David M. Matthews
6720,Nadine Labaki
6721,Lluís Quílez
6722,Eytan Fox
6723,Romesh Sharma
6724,François Truffaut
6725,Adam Goldberg
6726,Travis Zariwny
6727,Adrienne Shelly
6728,Newt Arnold
6729,Alex Cox
6730,Fabián Bielinsky
6731,Dror Moreh
6732,Rebecca Miller
6733,Maggie Carey
6734,Henry Bean
6735,Simeon Rice
6736,Jeff Garlin
6737,Qasim Basir
6738,Adam Green
6739,Charlie Chaplin
6740,Pete Jones
6741,Bruce Campbell
6742,Adam Carolla
6743,Bruce McDonald
6744,James Mottern
6745,Gerard Johnstone
6746,Robert Greenwald
6747,David Ray
6748,David Rodriguez
6749,Nae Caranfil
6750,David Winning
6751,Frank Lotito
6752,Timothy Woodward Jr.
6753,Tara Subkoff
6754,Russell Friedenberg
6755,Lucrecia Martel
6756,Edward Dmytryk
6757,Zak Penn
6758,Alex Ranarivelo
6759,Mathieu Amalric
6760,David Worth
6761,Leslie H. Martinson
6762,Robert M. Young
6763,Steve Buscemi
6764,Ham Tran
6765,Rich Cowan
6766,Boris Rodriguez
6767,Sadyk Sher-Niyaz
6768,Paul Donovan
6769,Jonathan Kesselman
6770,Arjun Sablok
6771,Tyler Oliver
6772,Douglas Cheek
6773,Michael D. Olmos
6774,Deryck Broom
6775,Henry Hathaway
6776,Giovanni Zelko
6777,Claudia Sainte-Luce
6778,Jamie Babbit
6779,David Boyd
6780,Anna Muylaert
6781,Steve Taylor
6782,James David Pasternak
6783,Laurent Bouhnik
6784,Tom Sanchez
6785,David Caffrey
6786,Adam Jay Epstein
6787,Justin Thomas Ostensen
6788,Ossie Davis
6789,Jay Alaimo
6790,Dylan Bank
6791,Rob McKittrick
6792,Jeff Burr
6793,Guy Maddin
6794,Regardt van den Bergh
6795,Panos Cosmatos
6796,Gareth Evans
6797,Matthew R. Anderson
6798,Joe Marino
6799,Joel Anderson
6800,Shimit Amin
6801,Douglas Trumbull
6802,Mona Lerche
6803,Levan Gabriadze
6804,Bradley Parker
6805,Clive Barker
6806,Harold Cronk
6807,Takao Okawara
6808,Duncan Tucker
6809,Russ Meyer
6810,Robert D. Webb
6811,Allan Dwan
6812,Andrew Steggall
6813,Ben Lewin
6814,Robert Kenner
6815,Andrew Erwin
6816,Craig Johnson
6817,Sean Durkin
6818,Gillian Robespierre
6819,Courtney Hunt
6820,Morgan Neville
6821,Chris Paine
6822,Greg Berlanti
6823,Marc Levin
6824,Richard Dutcher
6825,Khalid Mohammed
6826,Gia Coppola
6827,Scandar Copti
6828,Goran Dukic
6829,Mike Cahill
6830,Kyle Rankin
6831,Joshua Oppenheimer
6832,Alex Gibney
6833,Paul Crowder
6834,Rohit Jagessar
6835,Anthony Powell
6836,Kief Davidson
6837,Johnny Remo
6838,Vivek Agnihotri
6839,Ti West
6840,Nick Tomnay
6841,Nickolas Perry
6842,Dan Zukovic
6843,Becky Smith
6844,Eric Nicholas
6845,Benjamin Dickinson
6846,Hal Haberman
6847,Frank Whaley
6848,Amat Escalante
6849,Katherine Brooks
6850,David Cross
6851,Randall Rubin
6852,Robert Bennett
6853,Mary Pat Kelly
6854,Lori Petty
6855,Charlie Levi
6856,Kevin Hamedani
6857,David DeCoteau
6858,Mikel Rueda
6859,Stefan C. Schaefer
6860,Michael Taliferro
6861,Katie Aselton
6862,Robert Heath
6863,D. Stevens
6864,Jeffrey St. Jules
6865,Robert Hall
6866,Kevin King
6867,Jonathan Meyers
6868,Ralph Nelson
6869,Blair Erickson
6870,Allison Burnett
6871,Richard Schenkman
6872,Sanjay Rawal
6873,Kat Coiro
6874,Cristian Mungiu
6875,Joseph Graham
6876,Maryam Keshavarz
6877,Ramaa Mosley
6878,C. Jay Cox
6879,Mariette Monpierre
6880,Tommy Oliver
6881,Jamie Travis
6882,Rich Christiano
6883,Natalie Bible'
6884,Asghar Farhadi
6885,Justin Molotnikov
6886,G.W. Pabst
6887,Jorge Gaggero
6888,Michael Burke
6889,Catherine Jelski
6890,Shane Dawson
6891,Ryan Little
6892,Clark Baker
6893,Dave Willis
6894,Ben Wheatley
6895,Olly Blackburn
6896,Christopher Hutson
6897,David LaChapelle
6898,Caryn Waechter
6899,Emily Dell
6900,Valerie Red-Horse
6901,Christopher Scott Cherot
6902,H.M. Coakley
6903,Randy Moore
6904,Chris Atkins
6905,Bill Benenson
6906,Ryan Smith
6907,Travis Romero
6908,Anna Mastro
6909,Mark Sandrich
6910,Daniel Myrick
6911,Michael Wadleigh
6912,Gene Teigland
6913,Scott Ziehl
6914,Richard Montoya
6915,Johanna Schwartz
6916,Thomas Lilti
6917,Michael Walker
6918,U. Roberto Romano
6919,Amy Holden Jones
6920,Blaž Završnik
6921,Pan Nalin
6922,Joe Camp
6923,Matt Walsh
6924,John 'Bud' Cardos
6925,Marilyn Agrelo
6926,Brian Baugh
6927,Patrick Creadon
6928,Barry W. Blaustein
6929,Kurt Hale
6930,Siddiq Barmak
6931,Joseph Dorman
6932,Greg Harrison
6933,Jacob Aaron Estes
6934,Eric Schaeffer
6935,Neema Barnette
6936,Joe Swanberg
6937,Molly Bernstein
6938,Marius Markevicius
6939,Tom DiCillo
6940,Quentin Dupieux
6941,Alex Smith
6942,Gareth Edwards
6943,Jonathan Parker
6944,Sol Tryon
6945,Alex Craig Mann
6946,Stephen Kijak
6947,William Gazecki
6948,Michael Hoffman Jr.
6949,Georgia Hilton
6950,Jack Heller
6951,Fernando Baez Mella
6952,Warren Sheppard
6953,Justin Paul Miller
6954,Joel Paul Reisig
6955,Catherine Gund
6956,Hans Canosa
6957,Matthew Watts
6958,Lloyd Bacon
6959,Kay Pollak
6960,Eric England
6961,Sue Corcoran
6962,Jonathan Caouette
6963,Matt Jackson
6964,Lucio Fulci
6965,Paul Fox
6966,Cassandra Nicolaou
6967,Ingmar Bergman
6968,D.W. Griffith
6969,Roger Nygard
6970,Harry Beaumont
6971,Franck Khalfoun
6972,Mor Loushy
6973,Henry Alex Rubin
6974,Sam Firstenberg
6975,Doug Block
6976,Chad Kapper
6977,Paul Fierlinger
6978,Yorgos Lanthimos
6979,Lauren Lazin
6980,Gregory Widen
6981,Niall Johnson
6982,Eric Mendelsohn
6983,Jean-Luc Godard
6984,Kim Longinotto
6985,Michael Roemer
6986,Eddie O'Flaherty
6987,Babar Ahmed
6988,John D. Hancock
6989,Paul Bartel
6990,Jason Marsden
6991,Pece Dingo
6992,Jerome Elston Scott
6993,Étienne Faure
6994,Herb Freed
6995,Jack Perez
6996,Craig Zobel
6997,Maria Maggenti
6998,Piyush Dinker Pandya
6999,Emma-Kate Croghan
7000,Bill Plympton
7001,Drake Doremus
7002,Michael Kang
7003,Lori Silverbush
7004,Stuart Hazeldine
7005,Hilary Brougher
7006,Rachel Goldenberg
7007,Corbin Bernsen
7008,Jamin Winans
7009,Tom Seidman
7010,Matt Cimber
7011,Andrew Hyatt
7012,Kristin Rizzo
7013,Zoran Lisinac
7014,James O'Brien
7015,Tom Putnam
7016,Jon Matthews
7017,Al Silliman Jr.
7018,Eugène Lourié
7019,Lowell Sherman
7020,David Evans
7021,Sherman Alexie
7022,Justin Dillon
7023,Stevan Mena
7024,Livingston Oden
7025,Chris Marker
7026,Carl Theodor Dreyer
7027,Marianna Palka
7028,Ricki Stern
7029,Nadia Tass
7030,James Kerwin
7031,Darren Press
7032,Rania Attieh
7033,Sharon Greytak
7034,Majid Majidi
7035,Andrew Haigh
7036,Cary Bell
7037,Nicolae Constantin Tanase
7038,Melvin Van Peebles
7039,Ken Roht
7040,Robinson Devor
7041,Michel O. Scott
7042,Pat Holden
7043,Eric Bugbee
7044,Bill Melendez
7045,Dena Seidel
7046,Deborah Anderson
7047,Sara Newens
7048,Sai Varadan
7049,Lynn Shelton
7050,David Hewlett
7051,Nate Parker
7052,Nathan Smith Jones
7053,Travis Cluff
7054,Robert Townsend
7055,Jamaa Fanaka
7056,Larry Blamire
7057,Stephen Langford
7058,E.L. Katz
7059,Lisanne Pajot
7060,Dan Reed
7061,John Reinhardt
7062,Patrick Ryan Sims
7063,László Benedek
7064,Jason Miller
7065,Sut Jhally
7066,Julie Davis
7067,Myles Berkowitz
7068,Brett Piper
7069,Brandon Trost
7070,Joseph Green
7071,Wade Gasque
7072,Daniel Schechter
7073,Matt Johnson
7074,Bruno Barreto
7075,Lena Dunham
7076,Terron R. Parsons
7077,Daniel Mellitz
7078,Jem Cohen
7079,Andrew Leman
7080,Dave Carroll
7081,William Eubank
7082,Patrick Meaney
7083,Chad Hartigan
7084,Malcolm Goodwin
7085,Kevin Jordan
7086,Kirk Loudon
7087,Travis Legge
7088,Collin Joseph Neal
7089,Bradley Rust Gray
7090,Mike Bruce
7091,Andrew Bujalski
7092,Damir Catic
7093,James Bidgood
7094,Eric Eason
7095,Joseph Mazzella
7096,Marcus Nispel
7097,Jim Chuchu
7098,Daryl Wein
7099,Jason Trost
7100,Jafar Panahi
7101,Ivan Kavanagh
7102,Kiyoshi Kurosawa
7103,Tadeo Garcia
7104,Thomas L. Phillips
7105,Ash Baron-Cohen
7106,Shane Carruth
7107,Neill Dela Llana
7108,Scott Smith
7109,Daniel Hsia
7110,Brian Herzlinger
